{
  "topLat": 39.78045886,
  "bottomLat": 39.77254308,
  "leftLon": -75.21268129,
  "rightLon": -75.19585848
}