{
  "topLat": 39.77996415,
  "bottomLat": 39.77204831,
  "leftLon": -75.21025658,
  "rightLon": -75.19343376
}